Sequence Name,Name,Length,Min (with gaps),Max (with gaps)
ZIC2 3'UTR RNA,hsa-miR-129-5p,21,99986750,99986770
ZIC2 3'UTR RNA,hsa-miR-1305,11,99986749,99986759
ZIC2 3'UTR RNA,hsa-miR-323a-3p,6,99986748,99986753
ZIC2 3'UTR RNA,hsa-miR-421,16,99986744,99986759
ZIC2 3'UTR RNA,hsa-miR-548,21,99986738,99986758
ZIC2 3'UTR RNA,hsa-miR-7159-5p,25,99986734,99986758
ZIC2 3'UTR RNA,hsa-miR-6748-5p,20,99986734,99986753
ZIC2 3'UTR RNA,hsa-miR-6759-5p,21,99986733,99986753
ZIC2 3'UTR RNA,hsa-miR-491,21,99986730,99986750
ZIC2 3'UTR RNA,hsa-miR-153-5p,24,99986728,99986751
ZIC2 3'UTR RNA,hsa-miR-4633,7,99986728,99986734
ZIC2 3'UTR RNA,hsa-miR-6793-5p,27,99986727,99986753
ZIC2 3'UTR RNA,hsa-miR-4742-3p,20,99986718,99986737
ZIC2 3'UTR RNA,hsa-miR-33a,17,99986718,99986734
ZIC2 3'UTR RNA,hsa-miR-33b,17,99986718,99986734
ZIC2 3'UTR RNA,hsa-miR-548,21,99986716,99986736
ZIC2 3'UTR RNA,hsa-miR-373-5p,13,99986710,99986722
ZIC2 3'UTR RNA,hsa-miR-675-3p,30,99986708,99986737
ZIC2 3'UTR RNA,hsa-miR-6504-3p,22,99986708,99986729
ZIC2 3'UTR RNA,hsa-miR-586,30,99986705,99986734
ZIC2 3'UTR RNA,hsa-miR-1323,33,99986704,99986736
ZIC2 3'UTR RNA,hsa-miR-371b-5p,36,99986703,99986738
ZIC2 3'UTR RNA,hsa-miR-616-5p,22,99986703,99986724
ZIC2 3'UTR RNA,hsa-miR-4719,18,99986696,99986713
ZIC2 3'UTR RNA,hsa-miR-499b-3p,25,99986694,99986718
ZIC2 3'UTR RNA,hsa-miR-513b,22,99986694,99986715
ZIC2 3'UTR RNA,hsa-miR-23c,21,99986694,99986714
ZIC2 3'UTR RNA,hsa-miR-23a-3p,21,99986694,99986714
ZIC2 3'UTR RNA,hsa-miR-23b-3p,21,99986694,99986714
ZIC2 3'UTR RNA,hsa-miR-543,29,99986690,99986718
ZIC2 3'UTR RNA,hsa-miR-377-3p,25,99986690,99986714
ZIC2 3'UTR RNA,hsa-miR-499a-3p,30,99986689,99986718
ZIC2 3'UTR RNA,hsa-miR-513b-5p,29,99986686,99986714
ZIC2 3'UTR RNA,hsa-miR-4457,30,99986685,99986714
ZIC2 3'UTR RNA,hsa-miR-125b-2-3p,29,99986685,99986713
ZIC2 3'UTR RNA,hsa-miR-548ap-3p,6,99986684,99986689
ZIC2 3'UTR RNA,hsa-miR-5680,28,99986683,99986710
ZIC2 3'UTR RNA,hsa-miR-6715a-3p,17,99986683,99986699
ZIC2 3'UTR RNA,hsa-miR-6776-3p,15,99986683,99986697
ZIC2 3'UTR RNA,hsa-miR-205,22,99986681,99986702
ZIC2 3'UTR RNA,hsa-miR-6715b-3p,23,99986680,99986702
ZIC2 3'UTR RNA,hsa-miR-6715a-3p,22,99986680,99986701
ZIC2 3'UTR RNA,hsa-miR-1255b-2-3p,22,99986677,99986698
ZIC2 3'UTR RNA,hsa-miR-497-3p,30,99986671,99986700
ZIC2 3'UTR RNA,hsa-miR-302a-5p,26,99986668,99986693
ZIC2 3'UTR RNA,hsa-miR-548as-3p,24,99986667,99986690
ZIC2 3'UTR RNA,hsa-miR-548ar-3p,24,99986667,99986690
ZIC2 3'UTR RNA,hsa-miR-548aa,23,99986667,99986689
ZIC2 3'UTR RNA,hsa-miR-548t-3p,23,99986667,99986689
ZIC2 3'UTR RNA,hsa-miR-7853-5p,17,99986666,99986682
ZIC2 3'UTR RNA,hsa-miR-607,23,99986663,99986685
ZIC2 3'UTR RNA,hsa-miR-548x-3p,15,99986663,99986677
ZIC2 3'UTR RNA,hsa-miR-548aj-3p,15,99986663,99986677
ZIC2 3'UTR RNA,hsa-miR-212,22,99986661,99986682
ZIC2 3'UTR RNA,hsa-miR-3671,47,99986655,99986701
ZIC2 3'UTR RNA,hsa-miR-105-5p,28,99986655,99986682
ZIC2 3'UTR RNA,hsa-miR-491,21,99986655,99986675
ZIC2 3'UTR RNA,hsa-miR-3202,41,99986654,99986694
ZIC2 3'UTR RNA,hsa-miR-548c-3p,22,99986654,99986675
ZIC2 3'UTR RNA,hsa-miR-4633-5p,7,99986654,99986660
ZIC2 3'UTR RNA,hsa-miR-4766-5p,34,99986653,99986686
ZIC2 3'UTR RNA,hsa-miR-3200-5p,25,99986648,99986672
ZIC2 3'UTR RNA,hsa-miR-494-3p,21,99986648,99986668
ZIC2 3'UTR RNA,hsa-miR-132,19,99986648,99986666
ZIC2 3'UTR RNA,hsa-miR-582,14,99986644,99986657
ZIC2 3'UTR RNA,hsa-let-7g-3p,6,99986641,99986646
ZIC2 3'UTR RNA,hsa-miR-7849-3p,20,99986632,99986651
ZIC2 3'UTR RNA,hsa-let-7c-3p,15,99986632,99986646
ZIC2 3'UTR RNA,hsa-let-7a-2-3p,15,99986632,99986646
ZIC2 3'UTR RNA,hsa-miR-3658,10,99986622,99986631
ZIC2 3'UTR RNA,hsa-miR-494-3p,7,99986621,99986627
ZIC2 3'UTR RNA,hsa-miR-4262,22,99986620,99986641
ZIC2 3'UTR RNA,hsa-miR-493-5p,30,99986619,99986648
ZIC2 3'UTR RNA,hsa-miR-181a,22,99986615,99986636
ZIC2 3'UTR RNA,hsa-miR-181b,22,99986615,99986636
ZIC2 3'UTR RNA,hsa-miR-181c,22,99986615,99986636
ZIC2 3'UTR RNA,hsa-miR-181d,22,99986615,99986636
ZIC2 3'UTR RNA,hsa-miR-6875-3p,22,99986601,99986622
ZIC2 3'UTR RNA,hsa-miR-543,29,99986598,99986626
ZIC2 3'UTR RNA,hsa-miR-340-5p,37,99986597,99986633
ZIC2 3'UTR RNA,hsa-miR-1277-5p,22,99986592,99986613
ZIC2 3'UTR RNA,hsa-miR-1238-3p,22,99986585,99986606
ZIC2 3'UTR RNA,hsa-miR-374c,22,99986584,99986605
ZIC2 3'UTR RNA,hsa-miR-548,22,99986583,99986604
ZIC2 3'UTR RNA,hsa-miR-4742-3p,19,99986582,99986600
ZIC2 3'UTR RNA,hsa-miR-451b,17,99986580,99986596
ZIC2 3'UTR RNA,hsa-miR-6780a-3p,26,99986578,99986603
ZIC2 3'UTR RNA,hsa-miR-3137,24,99986578,99986601
ZIC2 3'UTR RNA,hsa-miR-32,22,99986575,99986596
ZIC2 3'UTR RNA,hsa-miR-655,22,99986569,99986590
ZIC2 3'UTR RNA,hsa-miR-4699-3p,13,99986567,99986579
ZIC2 3'UTR RNA,hsa-miR-6504-3p,7,99986567,99986573
ZIC2 3'UTR RNA,hsa-miR-520d-5p,10,99986562,99986571
ZIC2 3'UTR RNA,hsa-miR-524-5p,10,99986562,99986571
ZIC2 3'UTR RNA,hsa-miR-7853-5p,9,99986561,99986569
ZIC2 3'UTR RNA,hsa-miR-105-5p,18,99986552,99986569
ZIC2 3'UTR RNA,hsa-miR-4775,32,99986549,99986580
ZIC2 3'UTR RNA,hsa-miR-224-3p,20,99986549,99986568
ZIC2 3'UTR RNA,hsa-miR-1246,22,99986546,99986567
ZIC2 3'UTR RNA,hsa-miR-522-3p,26,99986543,99986568
ZIC2 3'UTR RNA,hsa-miR-1277-5p,18,99986543,99986560
ZIC2 3'UTR RNA,hsa-miR-4694-3p,30,99986541,99986570
ZIC2 3'UTR RNA,hsa-miR-4699-3p,6,99986539,99986544
ZIC2 3'UTR RNA,hsa-miR-1261,30,99986538,99986567
ZIC2 3'UTR RNA,hsa-miR-5583-3p,29,99986533,99986561
ZIC2 3'UTR RNA,hsa-miR-3154,21,99986529,99986549
ZIC2 3'UTR RNA,hsa-miR-503-3p,23,99986528,99986550
ZIC2 3'UTR RNA,hsa-miR-1252,22,99986518,99986539
ZIC2 3'UTR RNA,hsa-miR-7515,17,99986517,99986533
ZIC2 3'UTR RNA,hsa-miR-609,20,99986513,99986532
ZIC2 3'UTR RNA,hsa-miR-4476,26,99986512,99986537
ZIC2 3'UTR RNA,hsa-miR-3914,27,99986510,99986536
ZIC2 3'UTR RNA,hsa-miR-4694-5p,22,99986510,99986531
ZIC2 3'UTR RNA,hsa-miR-6835-3p,6,99986510,99986515
ZIC2 3'UTR RNA,hsa-miR-6756-5p,23,99986509,99986531
ZIC2 3'UTR RNA,hsa-miR-3202,30,99986507,99986536
ZIC2 3'UTR RNA,hsa-miR-4485,21,99986504,99986524
ZIC2 3'UTR RNA,hsa-miR-337,21,99986504,99986524
ZIC2 3'UTR RNA,hsa-miR-3148,21,99986500,99986520
ZIC2 3'UTR RNA,hsa-miR-320b,17,99986499,99986515
ZIC2 3'UTR RNA,hsa-miR-320d,17,99986499,99986515
ZIC2 3'UTR RNA,hsa-miR-320c,17,99986499,99986515
ZIC2 3'UTR RNA,hsa-miR-4788,25,99986498,99986522
ZIC2 3'UTR RNA,hsa-miR-4429,19,99986497,99986515
ZIC2 3'UTR RNA,hsa-miR-320a,19,99986497,99986515
ZIC2 3'UTR RNA,hsa-miR-4422,20,99986496,99986515
ZIC2 3'UTR RNA,hsa-miR-564,10,99986496,99986505
ZIC2 3'UTR RNA,hsa-miR-4766-5p,20,99986495,99986514
ZIC2 3'UTR RNA,hsa-miR-548e-5p,23,99986493,99986515
ZIC2 3'UTR RNA,hsa-miR-1238,21,99986485,99986505
ZIC2 3'UTR RNA,hsa-miR-335-3p,17,99986476,99986492
ZIC2 3'UTR RNA,hsa-miR-3679-3p,21,99986471,99986491
ZIC2 3'UTR RNA,hsa-miR-539-3p,12,99986463,99986474
ZIC2 3'UTR RNA,hsa-miR-485-3p,21,99986456,99986476
ZIC2 3'UTR RNA,hsa-miR-539-3p,22,99986455,99986476
ZIC2 3'UTR RNA,hsa-miR-7-2-3p,7,99986455,99986461
ZIC2 3'UTR RNA,hsa-miR-873-5p,21,99986451,99986471
ZIC2 3'UTR RNA,hsa-miR-3914,18,99986451,99986468
ZIC2 3'UTR RNA,hsa-miR-7-1-3p,16,99986446,99986461
ZIC2 3'UTR RNA,hsa-miR-5688,23,99986440,99986462
ZIC2 3'UTR RNA,hsa-miR-494,21,99986432,99986452
ZIC2 3'UTR RNA,hsa-miR-320d,15,99986431,99986445
ZIC2 3'UTR RNA,hsa-miR-320c,15,99986431,99986445
ZIC2 3'UTR RNA,hsa-miR-4429,18,99986428,99986445
ZIC2 3'UTR RNA,hsa-miR-320a,18,99986428,99986445
ZIC2 3'UTR RNA,hsa-miR-320b,18,99986428,99986445
ZIC2 3'UTR RNA,hsa-miR-548aw,25,99986426,99986450
ZIC2 3'UTR RNA,hsa-miR-548e-5p,21,99986426,99986446
ZIC2 3'UTR RNA,hsa-miR-125,21,99986425,99986445
ZIC2 3'UTR RNA,hsa-miR-548g-5p,26,99986424,99986449
ZIC2 3'UTR RNA,hsa-miR-548x-5p,26,99986424,99986449
ZIC2 3'UTR RNA,hsa-miR-548aj-5p,26,99986424,99986449
ZIC2 3'UTR RNA,hsa-miR-548f-5p,26,99986423,99986448
ZIC2 3'UTR RNA,hsa-miR-548as-3p,15,99986423,99986437
ZIC2 3'UTR RNA,hsa-miR-497,21,99986418,99986438
ZIC2 3'UTR RNA,hsa-miR-6835-3p,29,99986417,99986445
ZIC2 3'UTR RNA,hsa-miR-4422,29,99986417,99986445
ZIC2 3'UTR RNA,hsa-miR-23c,15,99986417,99986431
ZIC2 3'UTR RNA,hsa-miR-377-3p,15,99986417,99986431
ZIC2 3'UTR RNA,hsa-miR-23a-3p,32,99986415,99986446
ZIC2 3'UTR RNA,hsa-miR-23b-3p,32,99986415,99986446
ZIC2 3'UTR RNA,hsa-miR-5582-3p,23,99986415,99986437
ZIC2 3'UTR RNA,hsa-miR-499a-3p,23,99986413,99986435
ZIC2 3'UTR RNA,hsa-miR-548ar-3p,26,99986412,99986437
ZIC2 3'UTR RNA,hsa-miR-499b-3p,27,99986409,99986435
ZIC2 3'UTR RNA,hsa-miR-4495,35,99986407,99986441
ZIC2 3'UTR RNA,hsa-miR-543,29,99986407,99986435
ZIC2 3'UTR RNA,hsa-miR-30a,20,99986407,99986426
ZIC2 3'UTR RNA,hsa-miR-30d,20,99986407,99986426
ZIC2 3'UTR RNA,hsa-miR-30c,20,99986407,99986426
ZIC2 3'UTR RNA,hsa-miR-30e,20,99986407,99986426
ZIC2 3'UTR RNA,hsa-miR-655,21,99986400,99986420
ZIC2 3'UTR RNA,hsa-miR-374c,21,99986400,99986420
ZIC2 3'UTR RNA,hsa-miR-586,21,99986398,99986418
ZIC2 3'UTR RNA,hsa-miR-4262,21,99986397,99986417
ZIC2 3'UTR RNA,hsa-miR-548c-3p,19,99986389,99986407
ZIC2 3'UTR RNA,hsa-miR-125b-2-3p,16,99986382,99986397
ZIC2 3'UTR RNA,hsa-miR-181a,23,99986381,99986403
ZIC2 3'UTR RNA,hsa-miR-181b,23,99986381,99986403
ZIC2 3'UTR RNA,hsa-miR-181c,23,99986381,99986403
ZIC2 3'UTR RNA,hsa-miR-513b,21,99986379,99986399
ZIC2 3'UTR RNA,hsa-miR-181d,26,99986378,99986403
ZIC2 3'UTR RNA,hsa-miR-4719,22,99986376,99986397
ZIC2 3'UTR RNA,hsa-miR-323a,7,99986376,99986382
ZIC2 3'UTR RNA,hsa-miR-876-3p,23,99986375,99986397
ZIC2 3'UTR RNA,hsa-miR-513b-5p,30,99986370,99986399
ZIC2 3'UTR RNA,hsa-miR-4457,29,99986369,99986397
ZIC2 3'UTR RNA,hsa-miR-3650,18,99986362,99986379
ZIC2 3'UTR RNA,hsa-miR-297,22,99986354,99986375
ZIC2 3'UTR RNA,hsa-miR-675-3p,29,99986346,99986374
ZIC2 3'UTR RNA,hsa-miR-3115,20,99986343,99986362
ZIC2 3'UTR RNA,hsa-miR-494-3p,16,99986326,99986341
ZIC2 3'UTR RNA,hsa-miR-182,21,99986320,99986340
ZIC2 3'UTR RNA,hsa-miR-7515,17,99986320,99986336
ZIC2 3'UTR RNA,hsa-miR-3154,36,99986316,99986351
ZIC2 3'UTR RNA,hsa-miR-1271-5p,22,99986305,99986326
ZIC2 3'UTR RNA,hsa-miR-3177-3p,21,99986303,99986323
ZIC2 3'UTR RNA,hsa-miR-564,23,99986302,99986324
ZIC2 3'UTR RNA,hsa-miR-145,21,99986300,99986320
ZIC2 3'UTR RNA,hsa-miR-96-5p,30,99986297,99986326
ZIC2 3'UTR RNA,hsa-miR-153-5p,25,99986290,99986314
ZIC2 3'UTR RNA,hsa-miR-335-3p,24,99986287,99986310
ZIC2 3'UTR RNA,hsa-miR-1284,20,99986282,99986301
ZIC2 3'UTR RNA,hsa-miR-513,21,99986279,99986299
ZIC2 3'UTR RNA,hsa-miR-181,21,99986276,99986296
ZIC2 3'UTR RNA,hsa-miR-4670-3p,23,99986267,99986289
ZIC2 3'UTR RNA,hsa-miR-4423-5p,22,99986254,99986275
ZIC2 3'UTR RNA,hsa-miR-3152-5p,25,99986250,99986274
ZIC2 3'UTR RNA,hsa-miR-543,21,99986246,99986266
ZIC2 3'UTR RNA,hsa-miR-3163,23,99986245,99986267
ZIC2 3'UTR RNA,hsa-miR-4262,21,99986245,99986265
ZIC2 3'UTR RNA,hsa-miR-4694-3p,22,99986243,99986264
ZIC2 3'UTR RNA,hsa-miR-548aj-3p,26,99986239,99986264
ZIC2 3'UTR RNA,hsa-miR-548x-3p,26,99986239,99986264
ZIC2 3'UTR RNA,hsa-miR-3914,27,99986234,99986260
ZIC2 3'UTR RNA,hsa-miR-6074,19,99986234,99986252
ZIC2 3'UTR RNA,hsa-miR-655,30,99986232,99986261
ZIC2 3'UTR RNA,hsa-miR-140-3p,22,99986221,99986242
ZIC2 3'UTR RNA,hsa-miR-524-5p,20,99986215,99986234
ZIC2 3'UTR RNA,hsa-miR-520d-5p,23,99986212,99986234
ZIC2 3'UTR RNA,hsa-miR-497-3p,18,99986209,99986226
ZIC2 3'UTR RNA,hsa-miR-153-5p,19,99986205,99986223
ZIC2 3'UTR RNA,hsa-miR-6875-3p,15,99986204,99986218
ZIC2 3'UTR RNA,hsa-miR-3692-3p,21,99986197,99986217
ZIC2 3'UTR RNA,hsa-miR-6504-3p,19,99986192,99986210
ZIC2 3'UTR RNA,hsa-miR-323a-3p,24,99986190,99986213
ZIC2 3'UTR RNA,hsa-miR-302a-5p,24,99986183,99986206
ZIC2 3'UTR RNA,hsa-miR-4311,22,99986161,99986182
ZIC2 3'UTR RNA,hsa-miR-499,21,99986157,99986177
ZIC2 3'UTR RNA,hsa-miR-583,25,99986156,99986180
ZIC2 3'UTR RNA,hsa-miR-548x-3p,49,99986155,99986203
ZIC2 3'UTR RNA,hsa-miR-548aj-3p,49,99986155,99986203
ZIC2 3'UTR RNA,hsa-miR-5680,23,99986155,99986177
ZIC2 3'UTR RNA,hsa-miR-3162-5p,23,99986133,99986155
ZIC2 3'UTR RNA,hsa-miR-4747-5p,24,99986130,99986153
ZIC2 3'UTR RNA,hsa-miR-7515,21,99986129,99986149
ZIC2 3'UTR RNA,hsa-miR-5196-5p,22,99986127,99986148
ZIC2 3'UTR RNA,hsa-miR-3196,18,99986126,99986143
ZIC2 3'UTR RNA,hsa-miR-3179,22,99986125,99986146
ZIC2 3'UTR RNA,hsa-miR-3180,22,99986122,99986143
ZIC2 3'UTR RNA,hsa-miR-6125,20,99986120,99986139
ZIC2 3'UTR RNA,hsa-miR-663a,22,99986113,99986134
ZIC2 3'UTR RNA,hsa-miR-1908,24,99986111,99986134
ZIC2 3'UTR RNA,hsa-miR-4749-5p,23,99986111,99986133
ZIC2 3'UTR RNA,hsa-miR-3202,44,99986109,99986152
ZIC2 3'UTR RNA,hsa-miR-765,19,99986109,99986127
ZIC2 3'UTR RNA,hsa-miR-3914,17,99986109,99986125
ZIC2 3'UTR RNA,hsa-miR-4706,26,99986108,99986133
ZIC2 3'UTR RNA,hsa-miR-766-5p,22,99986108,99986129
ZIC2 3'UTR RNA,hsa-miR-3928,26,99986103,99986128
ZIC2 3'UTR RNA,hsa-let-7,21,99986103,99986123
ZIC2 3'UTR RNA,hsa-miR-494,21,99986103,99986123
ZIC2 3'UTR RNA,hsa-miR-513,21,99986102,99986122
ZIC2 3'UTR RNA,hsa-miR-1261,21,99986094,99986114
ZIC2 3'UTR RNA,hsa-miR-520d-5p,18,99986088,99986105
ZIC2 3'UTR RNA,hsa-miR-524-5p,18,99986088,99986105
ZIC2 3'UTR RNA,hsa-miR-7853-5p,16,99986088,99986103
ZIC2 3'UTR RNA,hsa-miR-522-3p,15,99986088,99986102
ZIC2 3'UTR RNA,hsa-miR-4694-3p,21,99986084,99986104
ZIC2 3'UTR RNA,hsa-miR-105-5p,20,99986084,99986103
ZIC2 3'UTR RNA,hsa-miR-224-3p,22,99986081,99986102
ZIC2 3'UTR RNA,hsa-miR-499,21,99986080,99986100
ZIC2 3'UTR RNA,hsa-miR-1246,25,99986077,99986101
ZIC2 3'UTR RNA,hsa-miR-4694-3p,29,99986075,99986103
ZIC2 3'UTR RNA,hsa-miR-1284,22,99986069,99986090
ZIC2 3'UTR RNA,hsa-miR-4789-5p,23,99986067,99986089
ZIC2 3'UTR RNA,hsa-miR-548as-3p,9,99986061,99986069
ZIC2 3'UTR RNA,hsa-miR-548ar-3p,9,99986061,99986069
ZIC2 3'UTR RNA,hsa-miR-548ap-3p,8,99986061,99986068
ZIC2 3'UTR RNA,hsa-miR-548aa,8,99986061,99986068
ZIC2 3'UTR RNA,hsa-miR-548t-3p,8,99986061,99986068
ZIC2 3'UTR RNA,hsa-miR-4422,19,99986060,99986078
ZIC2 3'UTR RNA,hsa-miR-6776-3p,7,99986060,99986066
ZIC2 3'UTR RNA,hsa-miR-548c-3p,25,99986056,99986080
ZIC2 3'UTR RNA,hsa-miR-548e-5p,23,99986056,99986078
ZIC2 3'UTR RNA,hsa-miR-4429,26,99986053,99986078
ZIC2 3'UTR RNA,hsa-miR-5582-3p,17,99986053,99986069
ZIC2 3'UTR RNA,hsa-miR-320a,27,99986052,99986078
ZIC2 3'UTR RNA,hsa-miR-320b,27,99986052,99986078
ZIC2 3'UTR RNA,hsa-miR-320d,27,99986052,99986078
ZIC2 3'UTR RNA,hsa-miR-320c,27,99986052,99986078
ZIC2 3'UTR RNA,hsa-miR-497-3p,23,99986047,99986069
ZIC2 3'UTR RNA,hsa-miR-3154,21,99986047,99986067
ZIC2 3'UTR RNA,hsa-miR-4784,20,99986039,99986058
ZIC2 3'UTR RNA,hsa-miR-3150b-3p,21,99986038,99986058
ZIC2 3'UTR RNA,hsa-miR-5680,18,99986036,99986053
ZIC2 3'UTR RNA,hsa-miR-765,30,99986030,99986059
ZIC2 3'UTR RNA,hsa-miR-3173-3p,22,99986030,99986051
ZIC2 3'UTR RNA,hsa-miR-4495,21,99986030,99986050
ZIC2 3'UTR RNA,hsa-let-7,21,99986029,99986049
ZIC2 3'UTR RNA,hsa-miR-1289,22,99986025,99986046
ZIC2 3'UTR RNA,hsa-let-7a-2-3p,9,99986025,99986033
ZIC2 3'UTR RNA,hsa-miR-4672,21,99986013,99986033
ZIC2 3'UTR RNA,hsa-let-7g-3p,24,99986010,99986033
ZIC2 3'UTR RNA,hsa-miR-493-5p,29,99986006,99986034
ZIC2 3'UTR RNA,hsa-miR-4463,18,99986000,99986017
ZIC2 3'UTR RNA,hsa-miR-609,6,99985999,99986004
ZIC2 3'UTR RNA,hsa-miR-204-3p,21,99985994,99986014
ZIC2 3'UTR RNA,hsa-miR-4646-5p,22,99985993,99986014
ZIC2 3'UTR RNA,hsa-miR-1292-5p,26,99985987,99986012
ZIC2 3'UTR RNA,hsa-miR-6756-5p,20,99985985,99986004
ZIC2 3'UTR RNA,hsa-miR-3153,21,99985981,99986001
ZIC2 3'UTR RNA,hsa-miR-6766-5p,26,99985978,99986003
ZIC2 3'UTR RNA,hsa-miR-4311,20,99985978,99985997
ZIC2 3'UTR RNA,hsa-miR-4253,18,99985972,99985989
ZIC2 3'UTR RNA,hsa-miR-3622b-5p,19,99985970,99985988
ZIC2 3'UTR RNA,hsa-miR-3154,22,99985969,99985990
ZIC2 3'UTR RNA,hsa-miR-620,20,99985965,99985984
ZIC2 3'UTR RNA,hsa-miR-1270,22,99985963,99985984
ZIC2 3'UTR RNA,hsa-miR-4441,17,99985958,99985974
ZIC2 3'UTR RNA,hsa-miR-374b-3p,22,99985957,99985978
ZIC2 3'UTR RNA,hsa-miR-6754-5p,16,99985957,99985972
ZIC2 3'UTR RNA,hsa-miR-1321,18,99985956,99985973
ZIC2 3'UTR RNA,hsa-miR-6510-5p,22,99985955,99985976
ZIC2 3'UTR RNA,hsa-miR-4270,20,99985955,99985974
ZIC2 3'UTR RNA,hsa-miR-4756-5p,23,99985951,99985973
ZIC2 3'UTR RNA,hsa-miR-4739,25,99985949,99985973
ZIC2 3'UTR RNA,hsa-miR-4464,21,99985949,99985969
ZIC2 3'UTR RNA,hsa-miR-4748,22,99985948,99985969
ZIC2 3'UTR RNA,hsa-miR-659-3p,22,99985944,99985965
ZIC2 3'UTR RNA,hsa-miR-7159-5p,17,99985943,99985959
ZIC2 3'UTR RNA,hsa-miR-6759-5p,8,99985942,99985949
ZIC2 3'UTR RNA,hsa-miR-6748-5p,7,99985942,99985948
ZIC2 3'UTR RNA,hsa-miR-609,22,99985941,99985962
ZIC2 3'UTR RNA,hsa-miR-153-5p,14,99985941,99985954
ZIC2 3'UTR RNA,hsa-miR-6793-5p,8,99985941,99985948
ZIC2 3'UTR RNA,hsa-miR-6839-3p,8,99985939,99985946
ZIC2 3'UTR RNA,hsa-miR-6796-5p,13,99985937,99985949
ZIC2 3'UTR RNA,hsa-miR-543,31,99985929,99985959
ZIC2 3'UTR RNA,hsa-miR-548,22,99985914,99985935
ZIC2 3'UTR RNA,hsa-miR-335-3p,23,99985888,99985910
ZIC2 3'UTR RNA,hsa-miR-607,15,99985888,99985902
ZIC2 3'UTR RNA,hsa-miR-3154,22,99985885,99985906
ZIC2 3'UTR RNA,hsa-miR-583,16,99985885,99985900
ZIC2 3'UTR RNA,hsa-miR-4432,20,99985881,99985900
ZIC2 3'UTR RNA,hsa-miR-7515,15,99985875,99985889
ZIC2 3'UTR RNA,hsa-miR-548u,28,99985874,99985901
ZIC2 3'UTR RNA,hsa-miR-6125,20,99985874,99985893
ZIC2 3'UTR RNA,hsa-miR-491,22,99985866,99985887
ZIC2 3'UTR RNA,hsa-miR-539,22,99985866,99985887
ZIC2 3'UTR RNA,hsa-miR-4633,21,99985864,99985884
ZIC2 3'UTR RNA,hsa-miR-3202,30,99985863,99985892
ZIC2 3'UTR RNA,hsa-miR-129-5p,21,99985862,99985882
ZIC2 3'UTR RNA,hsa-miR-6515-3p,22,99985855,99985876
ZIC2 3'UTR RNA,hsa-miR-126-5p,10,99985851,99985860
ZIC2 3'UTR RNA,hsa-miR-1323,22,99985835,99985856
ZIC2 3'UTR RNA,hsa-miR-5582-3p,22,99985820,99985841
ZIC2 3'UTR RNA,hsa-miR-548ap-3p,22,99985819,99985840
ZIC2 3'UTR RNA,hsa-miR-548x-3p,36,99985817,99985852
ZIC2 3'UTR RNA,hsa-miR-548aj-3p,36,99985817,99985852
ZIC2 3'UTR RNA,hsa-miR-548aa,24,99985817,99985840
ZIC2 3'UTR RNA,hsa-miR-548t-3p,24,99985817,99985840
ZIC2 3'UTR RNA,hsa-miR-548ar-3p,23,99985817,99985839
ZIC2 3'UTR RNA,hsa-miR-548c-3p,14,99985817,99985830
ZIC2 3'UTR RNA,hsa-miR-876,22,99985814,99985835
ZIC2 3'UTR RNA,hsa-miR-4668-3p,22,99985810,99985831
ZIC2 3'UTR RNA,hsa-miR-500a-5p,20,99985810,99985829
ZIC2 3'UTR RNA,hsa-miR-133a-5p,11,99985808,99985818
ZIC2 3'UTR RNA,hsa-miR-1237-3p,21,99985806,99985826
ZIC2 3'UTR RNA,hsa-miR-6071,19,99985805,99985823
ZIC2 3'UTR RNA,hsa-miR-1238,22,99985802,99985823
ZIC2 3'UTR RNA,hsa-miR-138,19,99985801,99985819
ZIC2 3'UTR RNA,hsa-miR-3692-5p,24,99985799,99985822
ZIC2 3'UTR RNA,hsa-miR-4490,21,99985799,99985819
ZIC2 3'UTR RNA,hsa-miR-335-3p,11,99985798,99985808
ZIC2 3'UTR RNA,hsa-miR-548x-3p,6,99985791,99985796
ZIC2 3'UTR RNA,hsa-miR-548aj-3p,6,99985791,99985796
ZIC2 3'UTR RNA,hsa-miR-590-3p,24,99985787,99985810
ZIC2 3'UTR RNA,hsa-miR-136-3p,18,99985787,99985804
ZIC2 3'UTR RNA,hsa-miR-4282,28,99985786,99985813
ZIC2 3'UTR RNA,hsa-miR-1305,23,99985786,99985808
ZIC2 3'UTR RNA,hsa-miR-32,22,99985776,99985797
ZIC2 3'UTR RNA,hsa-miR-548c-3p,22,99985774,99985795
ZIC2 3'UTR RNA,hsa-miR-4668-3p,25,99985770,99985794
ZIC2 3'UTR RNA,hsa-miR-10b-3p,24,99985768,99985791
ZIC2 3'UTR RNA,hsa-miR-4775,21,99985761,99985781
ZIC2 3'UTR RNA,hsa-miR-590-3p,24,99985758,99985781
ZIC2 3'UTR RNA,hsa-miR-23a-3p,13,99985753,99985765
ZIC2 3'UTR RNA,hsa-miR-23b-3p,13,99985753,99985765
ZIC2 3'UTR RNA,hsa-miR-23c,17,99985749,99985765
ZIC2 3'UTR RNA,hsa-miR-125b-2-3p,16,99985749,99985764
ZIC2 3'UTR RNA,hsa-miR-377-3p,18,99985748,99985765
ZIC2 3'UTR RNA,hsa-miR-513b,22,99985745,99985766
ZIC2 3'UTR RNA,hsa-miR-4761-5p,20,99985744,99985763
ZIC2 3'UTR RNA,hsa-miR-4719,23,99985742,99985764
ZIC2 3'UTR RNA,hsa-miR-4735-3p,21,99985742,99985762
ZIC2 3'UTR RNA,hsa-miR-624-3p,24,99985741,99985764
ZIC2 3'UTR RNA,hsa-miR-18b,21,99985741,99985761
ZIC2 3'UTR RNA,hsa-miR-18a-5p,24,99985739,99985762
ZIC2 3'UTR RNA,hsa-miR-513b-5p,29,99985737,99985765
ZIC2 3'UTR RNA,hsa-miR-4457,30,99985736,99985765
ZIC2 3'UTR RNA,hsa-miR-639,27,99985727,99985753
ZIC2 3'UTR RNA,hsa-miR-4749-5p,23,99985719,99985741
ZIC2 3'UTR RNA,hsa-miR-4706,25,99985717,99985741
ZIC2 3'UTR RNA,hsa-miR-149-3p,22,99985717,99985738
ZIC2 3'UTR RNA,hsa-miR-4728-5p,22,99985717,99985738
ZIC2 3'UTR RNA,hsa-miR-4734,28,99985716,99985743
ZIC2 3'UTR RNA,hsa-miR-4721,23,99985714,99985736
ZIC2 3'UTR RNA,hsa-miR-4446-3p,24,99985712,99985735
ZIC2 3'UTR RNA,hsa-miR-191-3p,>22,99985707,99985728
ZIC2 3'UTR RNA,hsa-miR-3692-5p,29,99985702,99985730
ZIC2 3'UTR RNA,hsa-miR-4651,21,99985701,99985721
ZIC2 3'UTR RNA,hsa-miR-4731-5p,25,99985700,99985724
ZIC2 3'UTR RNA,hsa-miR-92a-2-5p,22,99985698,99985719
ZIC2 3'UTR RNA,hsa-miR-6756-5p,22,99985697,99985718
ZIC2 3'UTR RNA,hsa-miR-491-5p,22,99985697,99985718
ZIC2 3'UTR RNA,hsa-miR-608,26,99985696,99985721
ZIC2 3'UTR RNA,hsa-miR-6766-5p,24,99985695,99985718
ZIC2 3'UTR RNA,hsa-miR-4270,19,99985693,99985711
ZIC2 3'UTR RNA,hsa-miR-4441,19,99985693,99985711
ZIC2 3'UTR RNA,hsa-miR-6754-5p,18,99985692,99985709
ZIC2 3'UTR RNA,hsa-miR-4419a,18,99985688,99985705
ZIC2 3'UTR RNA,hsa-miR-4306,15,99985688,99985702
ZIC2 3'UTR RNA,hsa-miR-6127,19,99985687,99985705
ZIC2 3'UTR RNA,hsa-miR-6129,19,99985687,99985705
ZIC2 3'UTR RNA,hsa-miR-6130,19,99985687,99985705
ZIC2 3'UTR RNA,hsa-miR-6133,20,99985686,99985705
ZIC2 3'UTR RNA,hsa-miR-185-5p,23,99985683,99985705
ZIC2 3'UTR RNA,hsa-miR-4644,20,99985683,99985702
ZIC2 3'UTR RNA,hsa-miR-5008-5p,15,99985683,99985697
